{
  "Coverage": 0.9296739069428074,
  "HitRate@5": 0.4224824921516542,
  "HitRate@10": 0.5269258633180391,
  "NDCG@5": 0.30700789211531093,
  "NDCG@10": 0.3410731680922977,
  "MRR@10": 0.2829950590877899,
  "best_epoch": 8,
  "epochs_trained": 18,
  "best_validation_loss": 5.326089271858557
}