{
  "train_loss": [
    7.319165492359596,
    5.391899458969696,
    4.7967784555652475,
    4.51328964086812,
    4.333509196640139,
    4.204375240513904,
    4.104348250582248,
    4.0250715603664595,
    3.9549648740192436,
    3.895312634557755,
    3.8466910524782176,
    3.8000587871665332,
    3.757672601970583,
    3.719384947047311,
    3.6885359623548566,
    3.653170247621174,
    3.6231196586305368
  ],
  "valid_loss": [
    6.952011789594378,
    6.191214582973853,
    5.855650701020894,
    5.696049788840731,
    5.662884769583107,
    5.604782774932403,
    5.586740737570856,
    5.577100845207846,
    5.572181791291201,
    5.568942378338118,
    5.569879582053737,
    5.546832113337696,
    5.549367200163074,
    5.566729221128879,
    5.569397384959056,
    5.595763577554459,
    5.567606657071221
  ],
  "training_summary": {
    "early_stopping_enabled": true,
    "best_epoch": 12,
    "best_valid_loss": 5.546832113337696,
    "stopped_early": true,
    "trained_epochs": 17
  }
}