{
  "GRU-L10": {
    "train_loss": [
      7.380127047543931,
      5.431716187306382,
      4.765428604958933,
      4.441364359036492,
      4.2330851369481834,
      4.078639590934215,
      3.9544497752060295,
      3.8514867600653098,
      3.7619393816046,
      3.68356059364988,
      3.6148032557899654,
      3.5485024042629636
    ],
    "valid_loss": [
      7.063317038959131,
      6.282830245512769,
      5.919510355569367,
      5.773649988317848,
      5.741823001015455,
      5.719530939159537,
      5.716153797350432,
      5.735779217311314,
      5.744841267291765,
      5.791161962021563,
      5.784864956274965,
      5.808451550347464
    ],
    "training_summary": {
      "early_stopping_enabled": true,
      "best_epoch": 7,
      "best_valid_loss": 5.716153797350432,
      "stopped_early": true,
      "trained_epochs": 12
    }
  },
  "GRU-L20": {
    "train_loss": [
      7.319165492359596,
      5.391899458969696,
      4.7967784555652475,
      4.51328964086812,
      4.333509196640139,
      4.204375240513904,
      4.104348250582248,
      4.0250715603664595,
      3.9549648740192436,
      3.895312634557755,
      3.8466910524782176,
      3.8000587871665332,
      3.757672601970583,
      3.719384947047311,
      3.6885359623548566,
      3.653170247621174,
      3.6231196586305368
    ],
    "valid_loss": [
      6.952011789594378,
      6.191214582973853,
      5.855650701020894,
      5.696049788840731,
      5.662884769583107,
      5.604782774932403,
      5.586740737570856,
      5.577100845207846,
      5.572181791291201,
      5.568942378338118,
      5.569879582053737,
      5.546832113337696,
      5.549367200163074,
      5.566729221128879,
      5.569397384959056,
      5.595763577554459,
      5.567606657071221
    ],
    "training_summary": {
      "early_stopping_enabled": true,
      "best_epoch": 12,
      "best_valid_loss": 5.546832113337696,
      "stopped_early": true,
      "trained_epochs": 17
    }
  },
  "GRU-L50": {
    "train_loss": [
      7.3087474786782565,
      5.396695612567674,
      4.828677608134734,
      4.548457362768231,
      4.379459706396134,
      4.249182123818837,
      4.190717408713121,
      4.073315326387154,
      4.016762473699628,
      3.970158141948431,
      3.9190460083497585,
      3.879401959303706,
      3.8608845864670185,
      3.789580319716745,
      3.7791569858088847,
      3.7467188356582337,
      3.6957358188698133,
      3.6685177301196465,
      3.6639457714708548,
      3.631642058572545,
      3.6329252868621302,
      3.6443677392618135
    ],
    "valid_loss": [
      6.889177813565821,
      6.148851398238562,
      5.8728308265370535,
      5.688921650549523,
      5.666333313275101,
      5.57642762643054,
      5.541237861590278,
      5.549675860799345,
      5.571676243516736,
      5.485103664541603,
      5.515531029020037,
      5.502836345729971,
      5.479336810291262,
      5.526769532296891,
      5.491854022320052,
      5.48942113998241,
      5.4781958572846605,
      5.508187851511446,
      5.5236804754214175,
      5.491652038760651,
      5.550796628894663,
      5.493437019505895
    ],
    "training_summary": {
      "early_stopping_enabled": true,
      "best_epoch": 17,
      "best_valid_loss": 5.4781958572846605,
      "stopped_early": true,
      "trained_epochs": 22
    }
  }
}