time_gap_bucket,transition_count,mean_distance_km,median_distance_km,p90_distance_km,within_1km_ratio,within_3km_ratio,within_5km_ratio,within_10km_ratio,within_20km_ratio
0-1h,39764,2.402619920014231,0.4866042151435536,7.900633842833092,0.6257418770747409,0.7738155115179559,0.8424957247761795,0.9248063575093048,0.9910974751031083
1-6h,29379,4.117930019260708,1.5615845151888068,12.552146824402834,0.421559617413799,0.616052282242418,0.7245651655944723,0.8594914735014807,0.9732121583443957
6-24h,35353,4.811716779020628,2.337618953596691,14.243417938333002,0.34967329505275363,0.5519475009192997,0.6717393149096258,0.8304528611433258,0.9652929030068169
1-7d,31611,4.923004118654492,2.457091992399635,14.49746548617585,0.356110214798646,0.5408560311284046,0.6657176299389453,0.8243965708139571,0.9608996868178799
>7d,5352,6.057487858898997,3.346142315401932,17.321997367108366,0.2826980568011958,0.4710388639760837,0.5990284005979073,0.7701793721973094,0.9428251121076233
