{
  "GRU": {
    "train_loss": [
      7.319165492359596,
      5.391899458969696,
      4.7967784555652475,
      4.51328964086812,
      4.333509196640139,
      4.204375240513904,
      4.104348250582248,
      4.0250715603664595,
      3.9549648740192436,
      3.895312634557755,
      3.8466910524782176,
      3.8000587871665332,
      3.757672601970583,
      3.719384947047311,
      3.6885359623548566,
      3.653170247621174,
      3.6231196586305368
    ],
    "valid_loss": [
      6.952011789594378,
      6.191214582973853,
      5.855650701020894,
      5.696049788840731,
      5.662884769583107,
      5.604782774932403,
      5.586740737570856,
      5.577100845207846,
      5.572181791291201,
      5.568942378338118,
      5.569879582053737,
      5.546832113337696,
      5.549367200163074,
      5.566729221128879,
      5.569397384959056,
      5.595763577554459,
      5.567606657071221
    ],
    "training_summary": {
      "early_stopping_enabled": true,
      "best_epoch": 12,
      "best_valid_loss": 5.546832113337696,
      "stopped_early": true,
      "trained_epochs": 17
    }
  },
  "GRU+Hour": {
    "train_loss": [
      7.625395733883325,
      5.487308352161704,
      4.636683575930259,
      4.239236687880959,
      4.008974492226543,
      3.8530360035611753,
      3.7393729182307154,
      3.6526972277470566,
      3.5832127270172562,
      3.5166229604596904,
      3.469650020219965,
      3.419996655008892,
      3.3842282111993964,
      3.3453526167067653,
      3.314392803159372,
      3.2838644640786305,
      3.254005194788169,
      3.2324120888442716,
      3.207563129299157,
      3.185404295947194,
      3.1646280258516724,
      3.1426660122103978,
      3.1166200857697084,
      3.104510579790388
    ],
    "valid_loss": [
      7.250393654170789,
      6.319480971286171,
      5.882771215940776,
      5.6703261809241505,
      5.587956848001122,
      5.524756566026157,
      5.465943020985539,
      5.451627537720185,
      5.448921983403371,
      5.435763649474409,
      5.432883622951078,
      5.420430369843218,
      5.420014376030829,
      5.425914993859772,
      5.419415332320938,
      5.428605877367177,
      5.419442329191623,
      5.4147486525370665,
      5.401371222689636,
      5.422363507120233,
      5.426497735475239,
      5.4177560268488145,
      5.420328188659553,
      5.403057824400134
    ],
    "training_summary": {
      "early_stopping_enabled": true,
      "best_epoch": 19,
      "best_valid_loss": 5.401371222689636,
      "stopped_early": true,
      "trained_epochs": 24
    }
  },
  "GRU+TimeSlot": {
    "train_loss": [
      7.5826073266282865,
      5.559571636520717,
      4.785268974562881,
      4.429284209368673,
      4.220116337643394,
      4.076855364371812,
      3.973302208709027,
      3.8899385028032025,
      3.821341233486293,
      3.765677411344987,
      3.7184104335243404,
      3.674921555932995,
      3.635073430930512,
      3.5983897167347223,
      3.5650873085042667,
      3.536936703900963
    ],
    "valid_loss": [
      7.182506681384897,
      6.231215634740385,
      5.824106031790712,
      5.622542316752269,
      5.543993257938471,
      5.495273663585348,
      5.444127977342534,
      5.424655792408419,
      5.410048334222091,
      5.410568398640568,
      5.381070434598994,
      5.387868911700141,
      5.390108949259708,
      5.398719744574755,
      5.382024298933215,
      5.400072947480624
    ],
    "training_summary": {
      "early_stopping_enabled": true,
      "best_epoch": 11,
      "best_valid_loss": 5.381070434598994,
      "stopped_early": true,
      "trained_epochs": 16
    }
  },
  "GRU+Hour+Weekday": {
    "train_loss": [
      7.836565892045364,
      5.676912458205956,
      4.699033646643916,
      4.2286984053917,
      3.9576105530395647,
      3.777936247546246,
      3.6505597353412704,
      3.552882834325863,
      3.4700384114146448,
      3.4021219178953395,
      3.3506569213505033,
      3.2962998164713273,
      3.2541692457406044,
      3.212280118443867,
      3.1810193102786597,
      3.1539644776804754,
      3.1254990249602748,
      3.090432503339826
    ],
    "valid_loss": [
      7.476943652432664,
      6.49022562701003,
      6.0090779379794474,
      5.76470967163717,
      5.661389327587042,
      5.606230705304253,
      5.553509631551298,
      5.515541478207237,
      5.503596431330631,
      5.479795773226516,
      5.479408617306473,
      5.4747908133313175,
      5.460542981785939,
      5.481055874573557,
      5.469011781807232,
      5.487576420145824,
      5.480348698178628,
      5.4635639065190365
    ],
    "training_summary": {
      "early_stopping_enabled": true,
      "best_epoch": 13,
      "best_valid_loss": 5.460542981785939,
      "stopped_early": true,
      "trained_epochs": 18
    }
  }
}