{
  "train_loss": [
    7.836565892045364,
    5.676912458205956,
    4.699033646643916,
    4.2286984053917,
    3.9576105530395647,
    3.777936247546246,
    3.6505597353412704,
    3.552882834325863,
    3.4700384114146448,
    3.4021219178953395,
    3.3506569213505033,
    3.2962998164713273,
    3.2541692457406044,
    3.212280118443867,
    3.1810193102786597,
    3.1539644776804754,
    3.1254990249602748,
    3.090432503339826
  ],
  "valid_loss": [
    7.476943652432664,
    6.49022562701003,
    6.0090779379794474,
    5.76470967163717,
    5.661389327587042,
    5.606230705304253,
    5.553509631551298,
    5.515541478207237,
    5.503596431330631,
    5.479795773226516,
    5.479408617306473,
    5.4747908133313175,
    5.460542981785939,
    5.481055874573557,
    5.469011781807232,
    5.487576420145824,
    5.480348698178628,
    5.4635639065190365
  ],
  "training_summary": {
    "early_stopping_enabled": true,
    "best_epoch": 13,
    "best_valid_loss": 5.460542981785939,
    "stopped_early": true,
    "trained_epochs": 18
  }
}