{
  "Coverage": 0.9296739069428074,
  "HitRate@5": 0.46299203091040814,
  "HitRate@10": 0.554696933107945,
  "NDCG@5": 0.34628920229902477,
  "NDCG@10": 0.3761425660045618,
  "MRR@10": 0.31998630612189904,
  "best_epoch": 5,
  "epochs_trained": 15,
  "best_validation_loss": 4.948314471031303
}