{
  "Coverage": 0.9296739069428074,
  "HitRate@5": 0.46613136923448445,
  "HitRate@10": 0.5583796184496499,
  "NDCG@5": 0.35324987651478995,
  "NDCG@10": 0.3832846054289824,
  "MRR@10": 0.32823926338626563,
  "best_epoch": 5,
  "epochs_trained": 15,
  "best_validation_loss": 4.964073092190187
}