{
  "Coverage": 0.9296739069428074,
  "HitRate@5": 0.4322023665781212,
  "HitRate@10": 0.5356194156000966,
  "NDCG@5": 0.3115697730318426,
  "NDCG@10": 0.34527120626950325,
  "MRR@10": 0.28561656470525093,
  "best_epoch": 4,
  "epochs_trained": 14,
  "best_validation_loss": 5.184156894683838
}