{
  "Coverage": 0.9296739069428074,
  "HitRate@5": 0.4392658778072929,
  "HitRate@10": 0.5428036706109636,
  "NDCG@5": 0.3136120253570754,
  "NDCG@10": 0.3473198128254253,
  "MRR@10": 0.2860713183687702,
  "best_epoch": 4,
  "epochs_trained": 14,
  "best_validation_loss": 5.176094172605827
}