{
  "Coverage": 0.9296739069428074,
  "HitRate@5": 0.43371166384931176,
  "HitRate@10": 0.5332045399661918,
  "NDCG@5": 0.31414165901874264,
  "NDCG@10": 0.3465186474995789,
  "MRR@10": 0.2880388430829136,
  "best_epoch": 4,
  "epochs_trained": 14,
  "best_validation_loss": 5.217946871003108
}